<!-- [ Mirror metadata ] generatedAt: 1473341545405 -->
<!-- Generated screen file. Fill the id tags below with content with
which to populate your previewed layout. For a complete specification
of sample data, please see http://jimulabs.com/sample-data-specifications/ 

Valid attributes on <screen> tag: theme="@style/someTheme" inEditMode="false" overlay="@drawable/mockup" -->
<screen>
    <_content layout="@layout/list_item_message">
        <!-- ImageView Examples:
        <avatar src="@drawable/image_resource" />
        <avatar src="relative_path/image.jpg" /> -->
        <avatar />
        <!-- TextView Examples:
        <et_name text="@string/string_resource" />
        <et_name text="Text literal" textSize="14sp" /> -->
        <et_name />
        <content />
        <time />
    </_content>
</screen>
